<?xml version="1.0" encoding="UTF-8" standalone="yes"?>
<addon id="script.module.7of9-mobdro" name="7of9 Mobdro" version="1.6" provider-name="7of9">
  <requires>
    <import addon="xbmc.python" version="2.1.0"/>
    <import addon="script.module.livestreamer" />
    <import addon="script.module.requests" />
    <import addon="script.module.routing" />
  </requires>
  <extension point="xbmc.python.pluginsource" library="addon.py">
    <provides>all</provides>
  </extension>
  <extension point="xbmc.addon.metadata">
    <summary lang="en_gb">Cloned for 7of9 users from RACC Mobdro Module. All credit must go to anyone involved in the Original Code</summary>
    <description lang="en_gb">Module for Mobdro APK</description>
    <disclaimer lang="en_gb"></disclaimer>
    <language></language>
    <platform>all</platform>
    <license></license>
    <forum></forum>
    <website></website>
    <email></email>
    <source></source>
  </extension>
</addon>
