<?xml version="1.0" encoding="UTF-8"?>
    <addon id="repository.ozbuilds" name="ozbuilds" version="0.1.0" provider-name="Michael">
        <requires>
            <import addon="xbmc.addon" version="12.0.0"/>
        </requires>
        <extension point="xbmc.addon.repository" name="ozbuilds">
            <info compressed="false">https://github.com/dexter1992/ozbuilds/tree/master/_repo/addons.xml</info>
            <checksum>https://github.com/dexter1992/ozbuilds/tree/master/_repo/addons.xml.md5</checksum>
            <datadir zip="true">https://github.com/dexter1992/ozbuilds/tree/master/_repo/</datadir>
            <hashes>false</hashes>
        </extension>
        <extension point="xbmc.addon.metadata">
            <summary>ozbuilds</summary>
            <description>ozbuilds</description>
            <platform>all</platform>
    </extension>
</addon>