<?xml version="1.0" encoding="UTF-8" standalone="yes"?>
<addon id="plugin.video.replayme"
       name="[COLOR red]R[/COLOR][COLOR white]eplay[/COLOR] [COLOR pink]M[/COLOR][COLOR white]e[/COLOR]"
       version="0.3"
       provider-name="@mullafabz">
  <requires>
    <import addon="xbmc.python" version="2.1.0"/>
    <import addon="script.module.requests"/>
    <import addon="script.module.simplejson" version="0.0.1"/>
    <import addon="script.module.urlresolver" version="5.0.23"/>
    <import addon="script.module.liveresolver" version="0.1.49"/>
    <import addon="script.module.metahandler" version="0.0.1"/>
	<import addon="script.common.plugin.cache" version="0.0.1"/>
	<import addon="script.module.livestreamer" version="1.12.0"/>
  </requires>
  <extension point="xbmc.python.pluginsource"
            library="default.py">
        <provides>video</provides>
  </extension>
  <extension point="xbmc.addon.metadata">
    <summary lang="en">Replay Me</summary>
    <description lang="en">Get all the major events replays in one place daily.</description>
    <disclaimer lang="en">The author does not host or distribute any of the content displayed by this addon or have any affiliation with the website owners</disclaimer>
    <platform>all</platform>
  </extension>
</addon>
