<?xml version="1.0" encoding="UTF-8" standalone="yes"?>
<addon id="script.module.startec" name="Star-Tec Libraries" version="1.0.0" provider-name="StarTec/RaDiX/Echo Coder">
	<requires>
		<import addon="xbmc.python" version="2.1.0" />
		<import addon="script.module.requests" />
	</requires>
	<extension point="xbmc.python.module" library="lib" />
	<extension point="xbmc.addon.metadata">
		<platform>all</platform>
		<summary lang="en">Forked from TK Norris Shared Module. Reusable Modules used by the The *Star-Tec* addon, thanks to Echo coder for permission to use this code</summary>
	</extension>
</addon>
